{"cameraMode":{"drawMode":0,"name":"Shaded","section":"Shading Mode"},"sceneLighting":true,"audioPlay":false,"sceneViewState":{"showFog":true,"showMaterialUpdate":false,"showSkybox":true,"showFlares":true,"showImageEffects":true,"showParticleSystems":true},"in2DMode":false,"pivot":{"x":-23.349010467529298,"y":10.552780151367188,"z":22.84758949279785},"rotation":{"x":-0.18547692894935609,"y":0.755297064781189,"z":-0.24136772751808167,"w":-0.5804018378257752},"size":94.21601104736328,"orthographic":false}