{"cameraMode":{"drawMode":0,"name":"Shaded","section":"Shading Mode"},"sceneLighting":true,"audioPlay":false,"sceneViewState":{"showFog":true,"showMaterialUpdate":false,"showSkybox":true,"showFlares":true,"showImageEffects":true,"showParticleSystems":true},"in2DMode":false,"pivot":{"x":-13.514371871948243,"y":0.14814376831054688,"z":33.049434661865237},"rotation":{"x":-0.1517535001039505,"y":0.7423415780067444,"z":-0.17954802513122559,"w":-0.6274251937866211},"size":46.6734733581543,"orthographic":false}