{"cameraMode":{"drawMode":0,"name":"Shaded","section":"Shading Mode"},"sceneLighting":false,"audioPlay":false,"sceneViewState":{"showFog":true,"showMaterialUpdate":false,"showSkybox":false,"showFlares":true,"showImageEffects":true,"showParticleSystems":true},"in2DMode":false,"pivot":{"x":-235.91026306152345,"y":-4.484164237976074,"z":65.64302825927735},"rotation":{"x":-0.030221320688724519,"y":0.9568284749984741,"z":-0.2682228088378906,"w":-0.10780799388885498},"size":19.542238235473634,"orthographic":false}