{"cameraMode":{"drawMode":0,"name":"Shaded","section":"Shading Mode"},"sceneLighting":false,"audioPlay":false,"sceneViewState":{"showFog":true,"showMaterialUpdate":false,"showSkybox":false,"showFlares":true,"showImageEffects":true,"showParticleSystems":true},"in2DMode":false,"pivot":{"x":0.24597549438476563,"y":3.962221622467041,"z":1.2436504364013672},"rotation":{"x":0.18150827288627625,"y":-0.19619840383529664,"z":0.03697538748383522,"w":0.9629089832305908},"size":45.35745620727539,"orthographic":true}