{"cameraMode":{"drawMode":0,"name":"Shaded","section":"Shading Mode"},"sceneLighting":false,"audioPlay":false,"sceneViewState":{"showFog":true,"showMaterialUpdate":false,"showSkybox":false,"showFlares":true,"showImageEffects":true,"showParticleSystems":true},"in2DMode":false,"pivot":{"x":-235.30123901367188,"y":-16.19339942932129,"z":72.63560485839844},"rotation":{"x":-0.24784541130065919,"y":0.7414990663528442,"z":-0.5076244473457336,"w":-0.3620348274707794},"size":37.886260986328128,"orthographic":false}