{"cameraMode":{"drawMode":0,"name":"Shaded","section":"Shading Mode"},"sceneLighting":true,"audioPlay":false,"sceneViewState":{"showFog":true,"showMaterialUpdate":false,"showSkybox":true,"showFlares":true,"showImageEffects":true,"showParticleSystems":true},"in2DMode":false,"pivot":{"x":-268.5745849609375,"y":13.301620483398438,"z":30.08049774169922},"rotation":{"x":-0.2005731761455536,"y":0.7887327075004578,"z":-0.331439733505249,"w":-0.47730371356010439},"size":99.00249481201172,"orthographic":false}