{"cameraMode":{"drawMode":0,"name":"Shaded","section":"Shading Mode"},"sceneLighting":true,"audioPlay":false,"sceneViewState":{"showFog":true,"showMaterialUpdate":false,"showSkybox":true,"showFlares":true,"showImageEffects":true,"showParticleSystems":true},"in2DMode":false,"pivot":{"x":-13.850528717041016,"y":-1.6447830200195313,"z":24.28241539001465},"rotation":{"x":-0.175484299659729,"y":0.7502251267433167,"z":-0.22004999220371247,"w":-0.5982855558395386},"size":63.28081130981445,"orthographic":false}