{"cameraMode":{"drawMode":0,"name":"Shaded","section":"Shading Mode"},"sceneLighting":true,"audioPlay":false,"sceneViewState":{"showFog":true,"showMaterialUpdate":false,"showSkybox":true,"showFlares":true,"showImageEffects":true,"showParticleSystems":true},"in2DMode":false,"pivot":{"x":281.9925537109375,"y":455.0,"z":1.3371250629425049},"rotation":{"x":-0.0024031847715377809,"y":-0.997562825679779,"z":0.05332518368959427,"w":-0.04493427276611328},"size":2300.431640625,"orthographic":false}